Source,club1_name,Target,club2_name,club1_wins,club2_wins,draws
142,Arsenal,154,Aston Villa,83,69,45
142,Arsenal,381,Brighton,13,5,4
142,Arsenal,435,Burnley,54,34,23
142,Arsenal,536,Chelsea,78,65,59
142,Arsenal,646,Crystal Palace,28,5,15
142,Arsenal,942,Everton,107,62,46
142,Arsenal,1055,Fulham,40,8,11
142,Arsenal,1524,Leeds,48,41,33
142,Arsenal,1527,Leicester,68,32,46
142,Arsenal,1563,Liverpool,79,90,64
142,Arsenal,1718,Man City,98,60,45
142,Arsenal,1724,Man Utd,84,97,53
142,Arsenal,1823,Newcastle,81,67,38
142,Arsenal,2328,Sheff Utd,51,40,28
142,Arsenal,2471,Southampton,52,22,28
142,Arsenal,2590,Tottenham,78,60,51
142,Arsenal,2744,West Brom,72,38,32
142,Arsenal,2802,West Ham,68,35,41
142,Arsenal,2848,Wolves,58,32,28
142,Arsenal,163,Atletico Madrid,0,1,1
142,Arsenal,2165,Real Madrid,1,0,1
142,Arsenal,224,Barcelona,1,6,2
142,Arsenal,2292,Sevilla,1,1,0
142,Arsenal,3123,Villarreal,2,0,2
142,Arsenal,690,Celta Vigo,2,0,0
142,Arsenal,2697,Valencia,3,2,2
142,Arsenal,1370,Inter,1,1,0
142,Arsenal,41,AC Milan,4,2,2
142,Arsenal,1408,Juventus,3,1,2
142,Arsenal,1801,Napoli,3,1,0
142,Arsenal,1501,Lazio,2,0,2
142,Arsenal,2163,Roma,2,1,1
142,Arsenal,2388,Sampdoria,1,1,0
142,Arsenal,2634,Udinese,2,0,0
142,Arsenal,999,Fiorentina,0,1,1
142,Arsenal,2584,Torino,1,0,1
142,Arsenal,2037,Parma,1,0,0
142,Arsenal,2068,Paris Saint Germain,1,0,3
142,Arsenal,1674,Monaco,1,1,0
142,Arsenal,1645,Lyon,1,0,1
142,Arsenal,1590,Lens,2,1,1
142,Arsenal,1748,Marseille,3,0,1
142,Arsenal,2173,Rennes,1,1,0
142,Arsenal,1767,Montpellier,2,0,0
142,Arsenal,1800,Nantes,1,0,1
142,Arsenal,398,B Dortmund,4,3,1
142,Arsenal,468,B Leverkusen,1,0,1
142,Arsenal,403,B M'gladbach,0,2,0
142,Arsenal,469,B Munich,3,7,2
142,Arsenal,970,Cologne,2,2,0
142,Arsenal,884,E Frankfurt,1,1,0
142,Arsenal,2260,Schalke,1,2,1
142,Arsenal,2854,W Bremen,2,0,0
154,Aston Villa,381,Brighton,13,5,9
154,Aston Villa,435,Burnley,51,41,28
154,Aston Villa,536,Chelsea,57,63,35
154,Aston Villa,646,Crystal Palace,20,12,14
154,Aston Villa,942,Everton,81,82,59
154,Aston Villa,1055,Fulham,25,25,22
154,Aston Villa,1524,Leeds,39,32,30
154,Aston Villa,1527,Leicester,35,44,25
154,Aston Villa,1563,Liverpool,59,98,40
154,Aston Villa,1718,Man City,57,77,41
154,Aston Villa,1724,Man Utd,49,100,40
154,Aston Villa,1823,Newcastle,57,71,39
154,Aston Villa,2328,Sheff Utd,64,41,33
154,Aston Villa,2471,Southampton,29,28,23
154,Aston Villa,2590,Tottenham,56,75,36
154,Aston Villa,2744,West Brom,79,56,37
154,Aston Villa,2802,West Ham,38,42,35
154,Aston Villa,2848,Wolves,56,41,33
154,Aston Villa,163,Atletico Madrid,1,1,0
154,Aston Villa,224,Barcelona,1,2,1
154,Aston Villa,207,Athletic Bilbao,2,0,2
154,Aston Villa,690,Celta Vigo,1,3,0
154,Aston Villa,1370,Inter,2,2,0
154,Aston Villa,1408,Juventus,0,2,0
154,Aston Villa,1576,Lille,0,1,1
154,Aston Villa,2173,Rennes,1,1,0
154,Aston Villa,246,Bordeaux,1,0,1
154,Aston Villa,469,B Munich,1,0,0
381,Brighton,435,Burnley,11,11,15
381,Brighton,536,Chelsea,1,12,3
381,Brighton,646,Crystal Palace,39,37,27
381,Brighton,942,Everton,4,9,6
381,Brighton,1055,Fulham,20,21,8
381,Brighton,1524,Leeds,17,18,11
381,Brighton,1527,Leicester,13,18,7
381,Brighton,1563,Liverpool,5,19,9
381,Brighton,1718,Man City,4,16,5
381,Brighton,1724,Man Utd,3,18,5
381,Brighton,1823,Newcastle,12,9,7
381,Brighton,2328,Sheff Utd,9,13,8
381,Brighton,2471,Southampton,9,26,14
381,Brighton,2590,Tottenham,5,13,4
381,Brighton,2744,West Brom,6,10,9
381,Brighton,2802,West Ham,8,10,9
381,Brighton,2848,Wolves,15,6,14
435,Burnley,536,Chelsea,37,40,25
435,Burnley,646,Crystal Palace,21,13,17
435,Burnley,942,Everton,37,51,30
435,Burnley,1055,Fulham,47,31,20
435,Burnley,1524,Leeds,18,31,12
435,Burnley,1527,Leicester,46,38,32
435,Burnley,1563,Liverpool,34,47,26
435,Burnley,1718,Man City,30,52,25
435,Burnley,1724,Man Utd,45,64,23
435,Burnley,1823,Newcastle,43,44,21
435,Burnley,2328,Sheff Utd,43,50,33
435,Burnley,2471,Southampton,23,22,17
435,Burnley,2590,Tottenham,41,50,28
435,Burnley,2744,West Brom,46,56,31
435,Burnley,2802,West Ham,35,38,18
435,Burnley,2848,Wolves,38,65,30
435,Burnley,1801,Napoli,1,0,1
435,Burnley,2146,Reims,1,1,0
435,Burnley,884,E Frankfurt,0,1,1
435,Burnley,2682,Stuttgart,1,0,1
536,Chelsea,646,Crystal Palace,28,11,15
536,Chelsea,942,Everton,74,57,55
536,Chelsea,1055,Fulham,48,9,26
536,Chelsea,1524,Leeds,35,39,30
536,Chelsea,1527,Leicester,57,27,34
536,Chelsea,1563,Liverpool,65,80,42
536,Chelsea,1718,Man City,67,58,40
536,Chelsea,1724,Man Utd,54,78,57
536,Chelsea,1823,Newcastle,74,54,40
536,Chelsea,2328,Sheff Utd,41,28,16
536,Chelsea,2471,Southampton,46,29,31
536,Chelsea,2590,Tottenham,73,54,42
536,Chelsea,2744,West Brom,60,44,36
536,Chelsea,2802,West Ham,49,42,22
536,Chelsea,2848,Wolves,43,40,28
536,Chelsea,163,Atletico Madrid,4,2,3
536,Chelsea,2165,Real Madrid,2,0,1
536,Chelsea,224,Barcelona,5,6,6
536,Chelsea,2292,Sevilla,1,0,1
536,Chelsea,2159,Real Betis,3,1,0
536,Chelsea,2697,Valencia,3,1,4
536,Chelsea,1370,Inter,0,2,0
536,Chelsea,41,AC Milan,1,1,3
536,Chelsea,1408,Juventus,1,1,2
536,Chelsea,1801,Napoli,1,1,0
536,Chelsea,1501,Lazio,2,1,1
536,Chelsea,2163,Roma,2,2,2
536,Chelsea,1576,Lille,2,0,0
536,Chelsea,2068,Paris Saint Germain,2,3,3
536,Chelsea,1674,Monaco,0,1,1
536,Chelsea,1748,Marseille,2,2,0
536,Chelsea,2173,Rennes,2,0,0
536,Chelsea,246,Bordeaux,1,0,1
536,Chelsea,468,B Leverkusen,1,1,0
536,Chelsea,469,B Munich,1,3,2
536,Chelsea,884,E Frankfurt,0,0,2
536,Chelsea,1284,Hertha Berlin,1,1,0
536,Chelsea,2260,Schalke,4,0,2
536,Chelsea,2682,Stuttgart,2,0,1
536,Chelsea,2854,W Bremen,1,1,0
646,Crystal Palace,942,Everton,11,22,19
646,Crystal Palace,1055,Fulham,14,17,16
646,Crystal Palace,1524,Leeds,18,30,16
646,Crystal Palace,1527,Leicester,27,28,19
646,Crystal Palace,1563,Liverpool,14,31,11
646,Crystal Palace,1718,Man City,16,34,14
646,Crystal Palace,1724,Man Utd,9,38,12
646,Crystal Palace,1823,Newcastle,12,27,8
646,Crystal Palace,2328,Sheff Utd,22,22,12
646,Crystal Palace,2471,Southampton,29,43,18
646,Crystal Palace,2590,Tottenham,10,28,15
646,Crystal Palace,2744,West Brom,21,23,15
646,Crystal Palace,2802,West Ham,9,19,16
646,Crystal Palace,2848,Wolves,22,29,19
942,Everton,1055,Fulham,31,21,13
942,Everton,1524,Leeds,33,52,31
942,Everton,1527,Leicester,44,36,34
942,Everton,1563,Liverpool,67,93,76
942,Everton,1718,Man City,68,75,47
942,Everton,1724,Man Utd,67,90,47
942,Everton,1823,Newcastle,72,68,37
942,Everton,2328,Sheff Utd,55,48,31
942,Everton,2471,Southampton,50,31,24
942,Everton,2590,Tottenham,56,68,56
942,Everton,2744,West Brom,71,59,39
942,Everton,2802,West Ham,72,40,32
942,Everton,2848,Wolves,62,46,27
942,Everton,3123,Villarreal,0,2,0
942,Everton,1370,Inter,0,1,1
942,Everton,41,AC Milan,0,1,1
942,Everton,17,Atalanta,0,2,0
942,Everton,999,Fiorentina,1,1,0
942,Everton,1576,Lille,1,0,1
942,Everton,1645,Lyon,0,2,0
942,Everton,403,B M'gladbach,0,0,2
942,Everton,469,B Munich,1,0,1
942,Everton,2967,Wolfsburg,2,0,0
1055,Fulham,1524,Leeds,19,25,15
1055,Fulham,1527,Leicester,40,28,18
1055,Fulham,1563,Liverpool,13,41,17
1055,Fulham,1718,Man City,17,36,16
1055,Fulham,1724,Man Utd,13,52,17
1055,Fulham,1823,Newcastle,31,28,15
1055,Fulham,2328,Sheff Utd,23,30,16
1055,Fulham,2471,Southampton,19,27,22
1055,Fulham,2590,Tottenham,13,46,27
1055,Fulham,2744,West Brom,28,36,22
1055,Fulham,2802,West Ham,30,42,21
1055,Fulham,2848,Wolves,25,45,24
1055,Fulham,163,Atletico Madrid,0,1,0
1055,Fulham,1408,Juventus,1,1,0
1055,Fulham,2163,Roma,0,1,1
1055,Fulham,268,Bologna,1,0,1
1055,Fulham,1284,Hertha Berlin,0,1,1
1055,Fulham,2967,Wolfsburg,2,0,0
1524,Leeds,1527,Leicester,48,43,34
1524,Leeds,1563,Liverpool,27,59,31
1524,Leeds,1718,Man City,42,44,18
1524,Leeds,1724,Man Utd,26,47,35
1524,Leeds,1823,Newcastle,39,39,18
1524,Leeds,2328,Sheff Utd,31,29,22
1524,Leeds,2471,Southampton,46,27,20
1524,Leeds,2590,Tottenham,32,37,29
1524,Leeds,2744,West Brom,37,33,19
1524,Leeds,2802,West Ham,48,29,29
1524,Leeds,2848,Wolves,41,35,22
1524,Leeds,2165,Real Madrid,0,2,0
1524,Leeds,224,Barcelona,1,1,2
1524,Leeds,2697,Valencia,2,1,3
1524,Leeds,41,AC Milan,1,1,1
1524,Leeds,1408,Juventus,0,0,2
1524,Leeds,1801,Napoli,1,1,0
1524,Leeds,1501,Lazio,1,0,1
1524,Leeds,2163,Roma,1,1,2
1524,Leeds,268,Bologna,1,1,0
1524,Leeds,2584,Torino,1,0,1
1524,Leeds,1674,Monaco,1,1,0
1524,Leeds,469,B Munich,0,1,0
1524,Leeds,2682,Stuttgart,2,1,0
1527,Leicester,1563,Liverpool,40,50,25
1527,Leicester,1718,Man City,31,60,31
1527,Leicester,1724,Man Utd,34,68,30
1527,Leicester,1823,Newcastle,47,52,28
1527,Leicester,2328,Sheff Utd,35,31,32
1527,Leicester,2471,Southampton,30,34,29
1527,Leicester,2590,Tottenham,37,57,21
1527,Leicester,2744,West Brom,38,51,23
1527,Leicester,2802,West Ham,49,54,33
1527,Leicester,2848,Wolves,38,42,36
1527,Leicester,163,Atletico Madrid,0,4,2
1527,Leicester,2292,Sevilla,1,1,0
1563,Liverpool,1718,Man City,90,48,49
1563,Liverpool,1724,Man Utd,67,81,58
1563,Liverpool,1823,Newcastle,86,49,43
1563,Liverpool,2328,Sheff Utd,63,41,31
1563,Liverpool,2471,Southampton,56,31,24
1563,Liverpool,2590,Tottenham,84,48,43
1563,Liverpool,2744,West Brom,68,39,45
1563,Liverpool,2802,West Ham,76,28,38
1563,Liverpool,2848,Wolves,55,36,17
1563,Liverpool,163,Atletico Madrid,1,3,2
1563,Liverpool,2165,Real Madrid,3,4,1
1563,Liverpool,224,Barcelona,4,3,3
1563,Liverpool,2292,Sevilla,0,1,2
1563,Liverpool,2192,Sociedad,2,0,0
1563,Liverpool,3123,Villarreal,1,1,0
1563,Liverpool,2159,Real Betis,1,0,1
1563,Liverpool,207,Athletic Bilbao,2,1,1
1563,Liverpool,690,Celta Vigo,0,2,0
1563,Liverpool,2697,Valencia,0,2,2
1563,Liverpool,2975,Alaves,1,0,0
1563,Liverpool,1370,Inter,3,1,0
1563,Liverpool,41,AC Milan,0,1,1
1563,Liverpool,1408,Juventus,2,3,1
1563,Liverpool,17,Atalanta,1,1,0
1563,Liverpool,1801,Napoli,2,2,2
1563,Liverpool,2163,Roma,3,2,2
1563,Liverpool,2634,Udinese,1,1,0
1563,Liverpool,999,Fiorentina,0,2,0
1563,Liverpool,1082,Genoa,0,2,0
1563,Liverpool,1576,Lille,1,1,0
1563,Liverpool,2068,Paris Saint Germain,2,2,0
1563,Liverpool,1674,Monaco,1,1,0
1563,Liverpool,1645,Lyon,0,1,1
1563,Liverpool,1748,Marseille,3,2,1
1563,Liverpool,935,St-Etienne,1,1,0
1563,Liverpool,2248,Strasbourg,1,1,0
1563,Liverpool,246,Bordeaux,3,0,1
1563,Liverpool,4796,Augsburg,1,0,1
1563,Liverpool,398,B Dortmund,2,1,2
1563,Liverpool,468,B Leverkusen,3,1,0
1563,Liverpool,403,B M'gladbach,3,2,0
1563,Liverpool,469,B Munich,3,1,5
1563,Liverpool,970,Cologne,0,0,3
1563,Liverpool,884,E Frankfurt,1,0,1
1563,Liverpool,3937,Hoffenheim,2,0,0
1563,Liverpool,5709,RB Leipzig,2,0,0
1718,Man City,1724,Man Utd,55,76,53
1718,Man City,1823,Newcastle,71,72,40
1718,Man City,2328,Sheff Utd,50,37,34
1718,Man City,2471,Southampton,38,32,25
1718,Man City,2590,Tottenham,64,63,36
1718,Man City,2744,West Brom,72,54,30
1718,Man City,2802,West Ham,58,37,18
1718,Man City,2848,Wolves,49,48,26
1718,Man City,2165,Real Madrid,2,2,2
1718,Man City,224,Barcelona,1,5,0
1718,Man City,2292,Sevilla,2,0,0
1718,Man City,3123,Villarreal,2,0,0
1718,Man City,207,Athletic Bilbao,1,0,1
1718,Man City,2697,Valencia,0,1,1
1718,Man City,41,AC Milan,1,0,1
1718,Man City,1408,Juventus,1,3,2
1718,Man City,17,Atalanta,1,0,1
1718,Man City,1801,Napoli,2,1,1
1718,Man City,2163,Roma,1,0,1
1718,Man City,2068,Paris Saint Germain,1,0,2
1718,Man City,1674,Monaco,1,1,0
1718,Man City,1645,Lyon,0,2,1
1718,Man City,1748,Marseille,2,0,0
1718,Man City,398,B Dortmund,2,1,1
1718,Man City,403,B M'gladbach,5,1,2
1718,Man City,469,B Munich,3,3,0
1718,Man City,3937,Hoffenheim,2,0,0
1718,Man City,2260,Schalke,4,1,0
1724,Man Utd,1823,Newcastle,89,43,39
1724,Man Utd,2328,Sheff Utd,46,35,16
1724,Man Utd,2471,Southampton,67,27,35
1724,Man Utd,2590,Tottenham,92,53,50
1724,Man Utd,2744,West Brom,57,44,33
1724,Man Utd,2802,West Ham,69,45,32
1724,Man Utd,2848,Wolves,50,36,20
1724,Man Utd,163,Atletico Madrid,0,1,1
1724,Man Utd,2165,Real Madrid,2,5,4
1724,Man Utd,224,Barcelona,3,6,4
1724,Man Utd,2292,Sevilla,0,2,1
1724,Man Utd,2192,Sociedad,2,0,2
1724,Man Utd,3123,Villarreal,0,0,4
1724,Man Utd,3427,Granada,2,0,0
1724,Man Utd,207,Athletic Bilbao,1,3,0
1724,Man Utd,690,Celta Vigo,1,0,1
1724,Man Utd,2697,Valencia,2,2,6
1724,Man Utd,1370,Inter,2,0,2
1724,Man Utd,41,AC Milan,6,5,1
1724,Man Utd,1408,Juventus,6,6,2
1724,Man Utd,1501,Lazio,0,1,0
1724,Man Utd,2163,Roma,4,1,1
1724,Man Utd,999,Fiorentina,1,1,0
1724,Man Utd,1576,Lille,3,1,2
1724,Man Utd,2068,Paris Saint Germain,2,2,0
1724,Man Utd,1674,Monaco,0,0,2
1724,Man Utd,1645,Lyon,2,0,2
1724,Man Utd,1748,Marseille,2,1,1
1724,Man Utd,1767,Montpellier,1,0,1
1724,Man Utd,935,St-Etienne,3,0,1
1724,Man Utd,2248,Strasbourg,1,0,1
1724,Man Utd,246,Bordeaux,2,0,0
1724,Man Utd,1800,Nantes,1,0,1
1724,Man Utd,398,B Dortmund,3,2,1
1724,Man Utd,468,B Leverkusen,4,0,2
1724,Man Utd,469,B Munich,2,4,5
1724,Man Utd,5709,RB Leipzig,1,1,0
1724,Man Utd,2260,Schalke,2,0,0
1724,Man Utd,2682,Stuttgart,1,1,0
1724,Man Utd,2967,Wolfsburg,3,1,0
1823,Newcastle,2328,Sheff Utd,47,50,29
1823,Newcastle,2471,Southampton,40,37,23
1823,Newcastle,2590,Tottenham,59,71,34
1823,Newcastle,2744,West Brom,48,48,35
1823,Newcastle,2802,West Ham,57,42,38
1823,Newcastle,2848,Wolves,32,40,28
1823,Newcastle,224,Barcelona,1,3,0
1823,Newcastle,207,Athletic Bilbao,1,1,0
1823,Newcastle,690,Celta Vigo,1,0,0
1823,Newcastle,1370,Inter,1,1,2
1823,Newcastle,1408,Juventus,1,1,0
1823,Newcastle,2163,Roma,0,1,1
1823,Newcastle,1674,Monaco,0,2,0
1823,Newcastle,1748,Marseille,0,1,1
1823,Newcastle,1772,Metz,1,0,1
1823,Newcastle,246,Bordeaux,1,1,0
1823,Newcastle,468,B Leverkusen,2,0,0
1823,Newcastle,884,E Frankfurt,0,0,1
2328,Sheff Utd,2471,Southampton,25,20,13
2328,Sheff Utd,2590,Tottenham,29,37,27
2328,Sheff Utd,2744,West Brom,43,45,27
2328,Sheff Utd,2802,West Ham,36,32,23
2328,Sheff Utd,2848,Wolves,39,40,37
2471,Southampton,2590,Tottenham,39,59,31
2471,Southampton,2744,West Brom,32,25,24
2471,Southampton,2802,West Ham,34,45,31
2471,Southampton,2848,Wolves,28,24,18
2471,Southampton,207,Athletic Bilbao,1,1,0
2471,Southampton,1370,Inter,1,1,0
2471,Southampton,1748,Marseille,1,1,0
2590,Tottenham,2744,West Brom,58,54,36
2590,Tottenham,2802,West Ham,67,52,38
2590,Tottenham,2848,Wolves,48,29,21
2590,Tottenham,163,Atletico Madrid,1,0,0
2590,Tottenham,2165,Real Madrid,1,3,2
2590,Tottenham,224,Barcelona,0,2,2
2590,Tottenham,2292,Sevilla,0,1,1
2590,Tottenham,3480,Getafe,0,1,0
2590,Tottenham,1370,Inter,3,3,0
2590,Tottenham,41,AC Milan,2,0,2
2590,Tottenham,1408,Juventus,0,1,1
2590,Tottenham,1501,Lazio,0,0,2
2590,Tottenham,2634,Udinese,0,1,0
2590,Tottenham,999,Fiorentina,1,1,2
2590,Tottenham,1674,Monaco,1,2,1
2590,Tottenham,1645,Lyon,2,1,1
2590,Tottenham,1800,Nantes,1,0,1
2590,Tottenham,398,B Dortmund,4,2,0
2590,Tottenham,468,B Leverkusen,1,1,1
2590,Tottenham,469,B Munich,1,4,1
2590,Tottenham,970,Cologne,2,0,0
2590,Tottenham,884,E Frankfurt,1,1,0
2590,Tottenham,5709,RB Leipzig,0,2,0
2590,Tottenham,2854,W Bremen,1,0,1
2744,West Brom,2802,West Ham,41,40,25
2744,West Brom,2848,Wolves,65,53,43
2744,West Brom,2697,Valencia,1,0,1
2744,West Brom,268,Bologna,0,2,0
2802,West Ham,2848,Wolves,30,22,14
2802,West Ham,1772,Metz,1,1,0
2802,West Ham,398,B Dortmund,0,2,0
2802,West Ham,884,E Frankfurt,1,1,0
2848,Wolves,224,Barcelona,0,2,0
2848,Wolves,2292,Sevilla,0,1,0
2848,Wolves,1408,Juventus,1,0,1
2848,Wolves,2584,Torino,2,0,0
2848,Wolves,2260,Schalke,0,1,1
163,Atletico Madrid,2165,Real Madrid,12,38,22
163,Atletico Madrid,224,Barcelona,18,31,16
163,Atletico Madrid,2292,Sevilla,17,19,19
163,Atletico Madrid,2192,Sociedad,21,18,8
163,Atletico Madrid,3123,Villarreal,15,14,11
163,Atletico Madrid,2159,Real Betis,21,12,13
163,Atletico Madrid,3427,Granada,16,0,4
163,Atletico Madrid,207,Athletic Bilbao,32,14,8
163,Atletico Madrid,3251,Levante,16,7,5
163,Atletico Madrid,690,Celta Vigo,22,11,11
163,Atletico Madrid,3216,Cadiz,3,0,1
163,Atletico Madrid,2697,Valencia,22,20,18
163,Atletico Madrid,3480,Getafe,22,4,8
163,Atletico Madrid,2975,Alaves,10,4,4
163,Atletico Madrid,2676,Valladolid,22,8,5
163,Atletico Madrid,3496,Huesca,3,0,1
163,Atletico Madrid,3481,Elche,6,0,1
163,Atletico Madrid,889,Eibar,12,1,3
163,Atletico Madrid,1951,Osasuna,18,12,5
163,Atletico Madrid,1370,Inter,1,0,0
163,Atletico Madrid,41,AC Milan,2,0,0
163,Atletico Madrid,1408,Juventus,3,6,2
163,Atletico Madrid,1501,Lazio,2,1,1
163,Atletico Madrid,2163,Roma,3,0,1
163,Atletico Madrid,2634,Udinese,1,1,0
163,Atletico Madrid,999,Fiorentina,1,0,1
163,Atletico Madrid,525,Cagliari,1,1,0
163,Atletico Madrid,2037,Parma,0,2,0
163,Atletico Madrid,1674,Monaco,2,0,0
163,Atletico Madrid,1590,Lens,0,1,1
163,Atletico Madrid,1748,Marseille,2,0,1
163,Atletico Madrid,2173,Rennes,1,0,1
163,Atletico Madrid,1800,Nantes,1,0,1
163,Atletico Madrid,398,B Dortmund,2,3,1
163,Atletico Madrid,468,B Leverkusen,3,2,3
163,Atletico Madrid,469,B Munich,2,4,2
163,Atletico Madrid,5709,RB Leipzig,0,1,0
163,Atletico Madrid,2260,Schalke,2,1,1
163,Atletico Madrid,2854,W Bremen,1,0,1
163,Atletico Madrid,2967,Wolfsburg,2,0,0
2165,Real Madrid,224,Barcelona,25,32,21
2165,Real Madrid,2292,Sevilla,40,16,5
2165,Real Madrid,2192,Sociedad,28,12,11
2165,Real Madrid,3123,Villarreal,23,4,14
2165,Real Madrid,2159,Real Betis,25,10,14
2165,Real Madrid,3427,Granada,14,1,0
2165,Real Madrid,207,Athletic Bilbao,37,13,10
2165,Real Madrid,3251,Levante,19,6,3
2165,Real Madrid,690,Celta Vigo,30,12,6
2165,Real Madrid,3216,Cadiz,4,1,0
2165,Real Madrid,2697,Valencia,36,14,14
2165,Real Madrid,3480,Getafe,23,5,4
2165,Real Madrid,2975,Alaves,17,3,2
2165,Real Madrid,2676,Valladolid,25,4,11
2165,Real Madrid,3496,Huesca,4,0,0
2165,Real Madrid,3481,Elche,5,0,1
2165,Real Madrid,889,Eibar,13,1,2
2165,Real Madrid,1951,Osasuna,24,5,8
2165,Real Madrid,1370,Inter,5,5,1
2165,Real Madrid,41,AC Milan,6,6,3
2165,Real Madrid,1408,Juventus,10,9,2
2165,Real Madrid,17,Atalanta,2,0,0
2165,Real Madrid,1801,Napoli,3,0,1
2165,Real Madrid,1501,Lazio,2,0,2
2165,Real Madrid,2163,Roma,8,3,1
2165,Real Madrid,999,Fiorentina,1,0,0
2165,Real Madrid,2068,Paris Saint Germain,3,1,2
2165,Real Madrid,1674,Monaco,1,1,0
2165,Real Madrid,1645,Lyon,3,3,4
2165,Real Madrid,1748,Marseille,4,0,0
2165,Real Madrid,1832,Nice,4,1,0
2165,Real Madrid,2146,Reims,2,0,0
2165,Real Madrid,398,B Dortmund,6,3,5
2165,Real Madrid,468,B Leverkusen,4,1,2
2165,Real Madrid,403,B M'gladbach,1,0,3
2165,Real Madrid,469,B Munich,12,11,3
2165,Real Madrid,970,Cologne,1,1,0
2165,Real Madrid,884,E Frankfurt,1,0,0
2165,Real Madrid,2260,Schalke,3,1,0
2165,Real Madrid,2854,W Bremen,1,1,0
2165,Real Madrid,2967,Wolfsburg,1,1,0
224,Barcelona,2292,Sevilla,41,13,13
224,Barcelona,2192,Sociedad,35,8,12
224,Barcelona,3123,Villarreal,27,8,10
224,Barcelona,2159,Real Betis,32,9,9
224,Barcelona,3427,Granada,14,2,0
224,Barcelona,207,Athletic Bilbao,46,13,15
224,Barcelona,3251,Levante,23,4,4
224,Barcelona,690,Celta Vigo,24,11,14
224,Barcelona,3216,Cadiz,2,1,1
224,Barcelona,2697,Valencia,33,16,19
224,Barcelona,3480,Getafe,26,4,6
224,Barcelona,2975,Alaves,20,4,3
224,Barcelona,2676,Valladolid,29,4,5
224,Barcelona,3496,Huesca,5,0,1
224,Barcelona,3481,Elche,7,0,1
224,Barcelona,889,Eibar,11,0,2
224,Barcelona,1951,Osasuna,25,6,9
224,Barcelona,1370,Inter,8,2,4
224,Barcelona,41,AC Milan,8,4,5
224,Barcelona,1408,Juventus,5,6,4
224,Barcelona,1801,Napoli,1,0,1
224,Barcelona,1501,Lazio,1,0,0
224,Barcelona,2163,Roma,2,2,2
224,Barcelona,2388,Sampdoria,2,0,0
224,Barcelona,2634,Udinese,2,0,0
224,Barcelona,999,Fiorentina,3,1,2
224,Barcelona,2068,Paris Saint Germain,5,4,4
224,Barcelona,1674,Monaco,2,0,0
224,Barcelona,1645,Lyon,5,0,3
224,Barcelona,1832,Nice,1,1,0
224,Barcelona,2248,Strasbourg,0,0,3
224,Barcelona,398,B Dortmund,1,0,1
224,Barcelona,468,B Leverkusen,6,1,1
224,Barcelona,403,B M'gladbach,2,0,0
224,Barcelona,469,B Munich,2,7,2
224,Barcelona,970,Cologne,1,0,1
224,Barcelona,1284,Hertha Berlin,1,0,1
224,Barcelona,2260,Schalke,2,0,0
224,Barcelona,2682,Stuttgart,3,0,1
224,Barcelona,2854,W Bremen,3,0,1
2292,Sevilla,2192,Sociedad,19,14,11
2292,Sevilla,3123,Villarreal,21,10,12
2292,Sevilla,2159,Real Betis,21,10,16
2292,Sevilla,3427,Granada,10,5,2
2292,Sevilla,207,Athletic Bilbao,25,18,12
2292,Sevilla,3251,Levante,16,4,7
2292,Sevilla,690,Celta Vigo,16,17,7
2292,Sevilla,3216,Cadiz,5,1,2
2292,Sevilla,2697,Valencia,21,25,10
2292,Sevilla,3480,Getafe,16,13,6
2292,Sevilla,2975,Alaves,9,3,5
2292,Sevilla,2676,Valladolid,11,6,15
2292,Sevilla,3496,Huesca,3,1,0
2292,Sevilla,3481,Elche,4,1,1
2292,Sevilla,889,Eibar,7,3,4
2292,Sevilla,1951,Osasuna,18,11,11
2292,Sevilla,1370,Inter,1,0,0
2292,Sevilla,41,AC Milan,0,1,0
2292,Sevilla,1408,Juventus,1,2,1
2292,Sevilla,1501,Lazio,2,0,0
2292,Sevilla,2163,Roma,1,0,0
2292,Sevilla,2388,Sampdoria,0,1,0
2292,Sevilla,999,Fiorentina,2,0,0
2292,Sevilla,2037,Parma,0,1,1
2292,Sevilla,1576,Lille,1,2,0
2292,Sevilla,2068,Paris Saint Germain,0,2,0
2292,Sevilla,1645,Lyon,1,0,1
2292,Sevilla,2173,Rennes,2,0,0
2292,Sevilla,398,B Dortmund,1,1,2
2292,Sevilla,403,B M'gladbach,3,1,0
2292,Sevilla,469,B Munich,0,2,1
2292,Sevilla,1054,Freiburg,2,0,0
2292,Sevilla,3050,Mainz,1,0,1
2292,Sevilla,2260,Schalke,1,0,1
2292,Sevilla,2682,Stuttgart,2,0,1
2192,Sociedad,3123,Villarreal,10,17,15
2192,Sociedad,2159,Real Betis,16,16,15
2192,Sociedad,3427,Granada,9,5,4
2192,Sociedad,207,Athletic Bilbao,18,14,19
2192,Sociedad,3251,Levante,7,10,9
2192,Sociedad,690,Celta Vigo,18,16,14
2192,Sociedad,3216,Cadiz,5,0,1
2192,Sociedad,2697,Valencia,15,20,15
2192,Sociedad,3480,Getafe,7,12,7
2192,Sociedad,2975,Alaves,10,9,4
2192,Sociedad,2676,Valladolid,15,7,11
2192,Sociedad,3496,Huesca,3,0,2
2192,Sociedad,3481,Elche,3,3,1
2192,Sociedad,889,Eibar,5,4,4
2192,Sociedad,1951,Osasuna,14,7,9
2192,Sociedad,1408,Juventus,0,1,1
2192,Sociedad,1801,Napoli,0,1,1
2192,Sociedad,1645,Lyon,2,2,0
2192,Sociedad,468,B Leverkusen,0,2,0
3123,Villarreal,2159,Real Betis,13,12,9
3123,Villarreal,3427,Granada,8,2,4
3123,Villarreal,207,Athletic Bilbao,17,15,14
3123,Villarreal,3251,Levante,16,7,3
3123,Villarreal,690,Celta Vigo,12,13,6
3123,Villarreal,3216,Cadiz,3,0,3
3123,Villarreal,2697,Valencia,19,21,10
3123,Villarreal,3480,Getafe,19,8,5
3123,Villarreal,2975,Alaves,9,10,1
3123,Villarreal,2676,Valladolid,10,10,5
3123,Villarreal,3496,Huesca,2,1,5
3123,Villarreal,3481,Elche,3,2,5
3123,Villarreal,889,Eibar,7,4,3
3123,Villarreal,1951,Osasuna,14,11,7
3123,Villarreal,1370,Inter,1,1,0
3123,Villarreal,1801,Napoli,2,2,2
3123,Villarreal,1501,Lazio,1,1,1
3123,Villarreal,2163,Roma,2,2,0
3123,Villarreal,999,Fiorentina,0,0,1
3123,Villarreal,2584,Torino,1,1,0
3123,Villarreal,1576,Lille,1,0,1
3123,Villarreal,1674,Monaco,0,2,0
3123,Villarreal,1645,Lyon,0,2,0
3123,Villarreal,468,B Leverkusen,3,0,1
3123,Villarreal,403,B M'gladbach,0,0,2
3123,Villarreal,469,B Munich,0,2,0
3123,Villarreal,2967,Wolfsburg,0,1,1
2159,Real Betis,3427,Granada,4,7,4
2159,Real Betis,207,Athletic Bilbao,14,19,18
2159,Real Betis,3251,Levante,11,9,4
2159,Real Betis,690,Celta Vigo,15,14,14
2159,Real Betis,3216,Cadiz,5,1,3
2159,Real Betis,2697,Valencia,12,27,11
2159,Real Betis,3480,Getafe,9,10,9
2159,Real Betis,2975,Alaves,10,7,5
2159,Real Betis,2676,Valladolid,19,10,8
2159,Real Betis,3496,Huesca,4,1,2
2159,Real Betis,3481,Elche,3,4,3
2159,Real Betis,889,Eibar,2,5,4
2159,Real Betis,1951,Osasuna,16,10,5
2159,Real Betis,41,AC Milan,1,0,1
2159,Real Betis,268,Bologna,1,1,0
2159,Real Betis,1674,Monaco,1,0,1
2159,Real Betis,1645,Lyon,0,1,1
2159,Real Betis,2173,Rennes,0,1,1
3427,Granada,207,Athletic Bilbao,7,8,3
3427,Granada,3251,Levante,4,6,4
3427,Granada,690,Celta Vigo,3,8,7
3427,Granada,3216,Cadiz,1,1,3
3427,Granada,2697,Valencia,2,14,3
3427,Granada,3480,Getafe,7,3,3
3427,Granada,2975,Alaves,4,1,0
3427,Granada,2676,Valladolid,6,4,2
3427,Granada,3496,Huesca,2,2,2
3427,Granada,3481,Elche,6,1,6
3427,Granada,889,Eibar,1,7,2
3427,Granada,1951,Osasuna,8,5,5
3427,Granada,1801,Napoli,1,1,0
207,Athletic Bilbao,3251,Levante,18,6,4
207,Athletic Bilbao,690,Celta Vigo,21,11,16
207,Athletic Bilbao,3216,Cadiz,2,2,0
207,Athletic Bilbao,2697,Valencia,16,25,17
207,Athletic Bilbao,3480,Getafe,11,9,12
207,Athletic Bilbao,2975,Alaves,11,6,5
207,Athletic Bilbao,2676,Valladolid,17,10,12
207,Athletic Bilbao,3496,Huesca,4,0,1
207,Athletic Bilbao,3481,Elche,2,1,3
207,Athletic Bilbao,889,Eibar,7,1,8
207,Athletic Bilbao,1951,Osasuna,17,10,10
207,Athletic Bilbao,41,AC Milan,1,1,0
207,Athletic Bilbao,1408,Juventus,1,1,2
207,Athletic Bilbao,1801,Napoli,1,0,1
207,Athletic Bilbao,4692,Sassuolo,1,1,0
207,Athletic Bilbao,2388,Sampdoria,2,0,0
207,Athletic Bilbao,2584,Torino,0,1,1
207,Athletic Bilbao,2037,Parma,1,0,0
207,Athletic Bilbao,2068,Paris Saint Germain,1,1,0
207,Athletic Bilbao,1645,Lyon,0,2,0
207,Athletic Bilbao,1748,Marseille,1,2,1
207,Athletic Bilbao,246,Bordeaux,2,1,1
207,Athletic Bilbao,4796,Augsburg,2,0,0
207,Athletic Bilbao,884,E Frankfurt,1,0,1
207,Athletic Bilbao,1284,Hertha Berlin,1,0,1
207,Athletic Bilbao,2260,Schalke,1,0,1
207,Athletic Bilbao,2854,W Bremen,0,2,0
3251,Levante,690,Celta Vigo,6,9,4
3251,Levante,3216,Cadiz,2,0,5
3251,Levante,2697,Valencia,6,14,8
3251,Levante,3480,Getafe,9,10,10
3251,Levante,2975,Alaves,1,5,1
3251,Levante,2676,Valladolid,7,4,5
3251,Levante,3496,Huesca,1,2,5
3251,Levante,3481,Elche,4,1,4
3251,Levante,889,Eibar,4,2,7
3251,Levante,1951,Osasuna,7,9,2
690,Celta Vigo,3216,Cadiz,5,1,2
690,Celta Vigo,2697,Valencia,11,20,15
690,Celta Vigo,3480,Getafe,5,7,7
690,Celta Vigo,2975,Alaves,9,11,8
690,Celta Vigo,2676,Valladolid,14,7,15
690,Celta Vigo,3496,Huesca,5,2,3
690,Celta Vigo,3481,Elche,5,4,3
690,Celta Vigo,889,Eibar,7,6,4
690,Celta Vigo,1951,Osasuna,12,6,5
690,Celta Vigo,41,AC Milan,1,0,1
690,Celta Vigo,1408,Juventus,1,1,0
690,Celta Vigo,1590,Lens,0,1,1
690,Celta Vigo,1748,Marseille,0,1,1
690,Celta Vigo,884,E Frankfurt,0,0,1
690,Celta Vigo,2682,Stuttgart,1,0,1
690,Celta Vigo,2854,W Bremen,0,2,0
3216,Cadiz,2697,Valencia,1,3,2
3216,Cadiz,3480,Getafe,3,3,0
3216,Cadiz,2975,Alaves,1,0,3
3216,Cadiz,2676,Valladolid,2,2,3
3216,Cadiz,3496,Huesca,3,2,4
3216,Cadiz,3481,Elche,4,1,4
3216,Cadiz,889,Eibar,2,0,0
3216,Cadiz,1951,Osasuna,1,7,1
2697,Valencia,3480,Getafe,17,12,8
2697,Valencia,2975,Alaves,13,5,5
2697,Valencia,2676,Valladolid,16,9,12
2697,Valencia,3496,Huesca,2,0,1
2697,Valencia,3481,Elche,4,2,0
2697,Valencia,889,Eibar,4,5,4
2697,Valencia,1951,Osasuna,22,7,12
2697,Valencia,1370,Inter,2,3,5
2697,Valencia,1408,Juventus,0,2,0
2697,Valencia,17,Atalanta,0,2,0
2697,Valencia,1501,Lazio,1,1,0
2697,Valencia,2163,Roma,3,3,0
2697,Valencia,999,Fiorentina,1,1,0
2697,Valencia,1082,Genoa,2,0,0
2697,Valencia,1576,Lille,4,0,2
2697,Valencia,2068,Paris Saint Germain,0,1,1
2697,Valencia,1674,Monaco,1,1,0
2697,Valencia,1645,Lyon,3,1,0
2697,Valencia,1748,Marseille,1,0,0
2697,Valencia,935,St-Etienne,0,0,1
2697,Valencia,246,Bordeaux,4,0,0
2697,Valencia,468,B Leverkusen,1,1,0
2697,Valencia,469,B Munich,1,3,6
2697,Valencia,970,Cologne,1,1,0
2697,Valencia,2260,Schalke,1,2,3
2697,Valencia,2854,W Bremen,0,2,2
3480,Getafe,2975,Alaves,3,3,6
3480,Getafe,2676,Valladolid,6,8,7
3480,Getafe,3496,Huesca,3,0,4
3480,Getafe,3481,Elche,4,1,4
3480,Getafe,889,Eibar,6,2,6
3480,Getafe,1951,Osasuna,11,8,11
3480,Getafe,1370,Inter,0,1,0
3480,Getafe,469,B Munich,0,0,2
3480,Getafe,2682,Stuttgart,0,1,0
2975,Alaves,2676,Valladolid,12,6,5
2975,Alaves,3496,Huesca,5,1,0
2975,Alaves,3481,Elche,2,1,1
2975,Alaves,889,Eibar,4,5,3
2975,Alaves,1951,Osasuna,8,9,2
2975,Alaves,1370,Inter,1,0,1
2676,Valladolid,3496,Huesca,5,7,3
2676,Valladolid,3481,Elche,5,3,8
2676,Valladolid,889,Eibar,2,2,3
2676,Valladolid,1951,Osasuna,5,11,14
3496,Huesca,3481,Elche,5,5,6
3496,Huesca,889,Eibar,2,0,2
3496,Huesca,1951,Osasuna,2,1,3
3481,Elche,889,Eibar,3,1,0
3481,Elche,1951,Osasuna,1,3,4
889,Eibar,1951,Osasuna,1,3,5
1951,Osasuna,2037,Parma,1,0,0
1951,Osasuna,1590,Lens,0,1,0
1951,Osasuna,2173,Rennes,0,1,1
1951,Osasuna,246,Bordeaux,1,0,1
1951,Osasuna,468,B Leverkusen,2,0,0
1370,Inter,41,AC Milan,27,22,20
1370,Inter,1408,Juventus,16,31,22
1370,Inter,17,Atalanta,26,10,16
1370,Inter,1801,Napoli,20,16,16
1370,Inter,1501,Lazio,26,23,23
1370,Inter,2163,Roma,29,22,29
1370,Inter,4692,Sassuolo,7,7,2
1370,Inter,2388,Sampdoria,27,13,16
1370,Inter,2681,Verona,17,1,4
1370,Inter,268,Bologna,32,9,9
1370,Inter,2634,Udinese,31,16,15
1370,Inter,999,Fiorentina,29,12,19
1370,Inter,1082,Genoa,25,9,7
1370,Inter,4794,Spezia,1,0,1
1370,Inter,2584,Torino,24,6,12
1370,Inter,4612,Benevento,5,0,0
1370,Inter,525,Cagliari,29,8,19
1370,Inter,2037,Parma,24,17,18
1370,Inter,4195,Crotone,3,1,1
1370,Inter,1576,Lille,2,0,0
1370,Inter,1674,Monaco,3,1,0
1370,Inter,1645,Lyon,2,2,2
1370,Inter,1748,Marseille,1,3,0
1370,Inter,935,St-Etienne,0,0,2
1370,Inter,2248,Strasbourg,1,1,0
1370,Inter,1800,Nantes,1,0,1
1370,Inter,398,B Dortmund,2,1,1
1370,Inter,468,B Leverkusen,3,0,0
1370,Inter,403,B M'gladbach,2,0,2
1370,Inter,469,B Munich,2,2,1
1370,Inter,970,Cologne,2,1,0
1370,Inter,884,E Frankfurt,0,1,1
1370,Inter,1284,Hertha Berlin,2,1,1
1370,Inter,2260,Schalke,2,3,1
1370,Inter,2854,W Bremen,2,2,2
1370,Inter,2967,Wolfsburg,0,2,0
41,AC Milan,1408,Juventus,16,34,22
41,AC Milan,17,Atalanta,26,13,14
41,AC Milan,1801,Napoli,15,13,19
41,AC Milan,1501,Lazio,32,13,28
41,AC Milan,2163,Roma,25,19,24
41,AC Milan,4692,Sassuolo,10,5,2
41,AC Milan,2388,Sampdoria,33,14,10
41,AC Milan,2681,Verona,12,4,7
41,AC Milan,268,Bologna,29,6,9
41,AC Milan,2634,Udinese,29,16,15
41,AC Milan,999,Fiorentina,25,16,17
41,AC Milan,1082,Genoa,20,7,11
41,AC Milan,4794,Spezia,2,1,0
41,AC Milan,2584,Torino,21,4,21
41,AC Milan,4612,Benevento,1,1,1
41,AC Milan,525,Cagliari,33,3,13
41,AC Milan,2037,Parma,29,11,14
41,AC Milan,4195,Crotone,6,0,1
41,AC Milan,1576,Lille,0,2,2
41,AC Milan,2068,Paris Saint Germain,2,0,2
41,AC Milan,1674,Monaco,1,0,0
41,AC Milan,1645,Lyon,1,0,1
41,AC Milan,1590,Lens,1,1,0
41,AC Milan,1748,Marseille,1,2,2
41,AC Milan,2248,Strasbourg,2,2,1
41,AC Milan,398,B Dortmund,3,2,1
41,AC Milan,469,B Munich,6,1,3
41,AC Milan,1284,Hertha Berlin,1,2,1
41,AC Milan,2260,Schalke,1,0,1
41,AC Milan,2854,W Bremen,2,0,4
41,AC Milan,2967,Wolfsburg,0,0,1
1408,Juventus,17,Atalanta,35,6,15
1408,Juventus,1801,Napoli,32,12,13
1408,Juventus,1501,Lazio,38,19,18
1408,Juventus,2163,Roma,31,16,19
1408,Juventus,4692,Sassuolo,11,1,3
1408,Juventus,2388,Sampdoria,28,10,14
1408,Juventus,2681,Verona,15,3,7
1408,Juventus,268,Bologna,34,2,10
1408,Juventus,2634,Udinese,37,9,8
1408,Juventus,999,Fiorentina,34,10,17
1408,Juventus,1082,Genoa,25,7,8
1408,Juventus,4794,Spezia,2,1,0
1408,Juventus,2584,Torino,27,5,9
1408,Juventus,4612,Benevento,2,1,1
1408,Juventus,525,Cagliari,29,5,15
1408,Juventus,2037,Parma,30,12,17
1408,Juventus,4195,Crotone,4,0,2
1408,Juventus,1674,Monaco,4,1,1
1408,Juventus,1645,Lyon,4,1,1
1408,Juventus,1748,Marseille,1,1,0
1408,Juventus,2173,Rennes,1,0,1
1408,Juventus,246,Bordeaux,1,2,1
1408,Juventus,1800,Nantes,1,1,0
1408,Juventus,398,B Dortmund,5,2,0
1408,Juventus,468,B Leverkusen,3,1,0
1408,Juventus,403,B M'gladbach,0,1,3
1408,Juventus,469,B Munich,3,5,2
1408,Juventus,970,Cologne,1,0,1
1408,Juventus,884,E Frankfurt,0,1,1
1408,Juventus,1284,Hertha Berlin,0,1,1
1408,Juventus,2854,W Bremen,1,1,0
17,Atalanta,1801,Napoli,16,18,12
17,Atalanta,1501,Lazio,16,22,14
17,Atalanta,2163,Roma,16,24,13
17,Atalanta,4692,Sassuolo,12,2,4
17,Atalanta,2388,Sampdoria,16,21,7
17,Atalanta,2681,Verona,8,7,5
17,Atalanta,268,Bologna,17,8,12
17,Atalanta,2634,Udinese,16,18,15
17,Atalanta,999,Fiorentina,14,21,15
17,Atalanta,1082,Genoa,12,11,10
17,Atalanta,4794,Spezia,1,0,1
17,Atalanta,2584,Torino,10,14,14
17,Atalanta,4612,Benevento,3,0,0
17,Atalanta,525,Cagliari,19,14,9
17,Atalanta,2037,Parma,14,14,13
17,Atalanta,4195,Crotone,5,0,2
17,Atalanta,2068,Paris Saint Germain,0,1,0
17,Atalanta,1645,Lyon,1,0,1
17,Atalanta,398,B Dortmund,0,1,1
1801,Napoli,1501,Lazio,25,17,10
1801,Napoli,2163,Roma,16,20,14
1801,Napoli,4692,Sassuolo,9,2,6
1801,Napoli,2388,Sampdoria,23,10,9
1801,Napoli,2681,Verona,15,4,0
1801,Napoli,268,Bologna,17,12,5
1801,Napoli,2634,Udinese,18,10,13
1801,Napoli,999,Fiorentina,20,14,12
1801,Napoli,1082,Genoa,19,8,12
1801,Napoli,4794,Spezia,2,1,0
1801,Napoli,2584,Torino,14,5,14
1801,Napoli,4612,Benevento,4,0,0
1801,Napoli,525,Cagliari,19,8,12
1801,Napoli,2037,Parma,18,15,7
1801,Napoli,4195,Crotone,6,0,0
1801,Napoli,2068,Paris Saint Germain,0,0,2
1801,Napoli,1748,Marseille,2,0,0
1801,Napoli,1772,Metz,1,0,1
1801,Napoli,1832,Nice,2,0,0
1801,Napoli,398,B Dortmund,1,1,0
1801,Napoli,469,B Munich,0,1,1
1801,Napoli,5709,RB Leipzig,1,1,0
1801,Napoli,2682,Stuttgart,2,0,2
1801,Napoli,2967,Wolfsburg,1,0,1
1501,Lazio,2163,Roma,18,25,24
1501,Lazio,4692,Sassuolo,9,3,3
1501,Lazio,2388,Sampdoria,29,12,14
1501,Lazio,2681,Verona,14,5,4
1501,Lazio,268,Bologna,24,10,10
1501,Lazio,2634,Udinese,33,14,12
1501,Lazio,999,Fiorentina,33,12,14
1501,Lazio,1082,Genoa,16,13,9
1501,Lazio,4794,Spezia,2,0,0
1501,Lazio,2584,Torino,21,8,14
1501,Lazio,4612,Benevento,4,0,1
1501,Lazio,525,Cagliari,30,9,13
1501,Lazio,2037,Parma,28,14,15
1501,Lazio,4195,Crotone,4,1,1
1501,Lazio,1590,Lens,2,1,1
1501,Lazio,1748,Marseille,4,1,1
1501,Lazio,2173,Rennes,1,1,0
1501,Lazio,1832,Nice,2,0,0
1501,Lazio,935,St-Etienne,1,0,1
1501,Lazio,1800,Nantes,0,2,0
1501,Lazio,398,B Dortmund,1,0,1
1501,Lazio,468,B Leverkusen,1,1,2
1501,Lazio,403,B M'gladbach,1,0,1
1501,Lazio,469,B Munich,0,2,0
1501,Lazio,884,E Frankfurt,0,2,0
1501,Lazio,2682,Stuttgart,2,0,0
1501,Lazio,2854,W Bremen,1,1,0
2163,Roma,4692,Sassuolo,8,1,7
2163,Roma,2388,Sampdoria,25,14,16
2163,Roma,2681,Verona,15,2,5
2163,Roma,268,Bologna,26,8,11
2163,Roma,2634,Udinese,33,16,11
2163,Roma,999,Fiorentina,35,14,16
2163,Roma,1082,Genoa,23,8,7
2163,Roma,4794,Spezia,1,1,1
2163,Roma,2584,Torino,26,8,11
2163,Roma,4612,Benevento,3,0,1
2163,Roma,525,Cagliari,23,12,16
2163,Roma,2037,Parma,35,11,11
2163,Roma,4195,Crotone,5,0,0
2163,Roma,1645,Lyon,2,1,1
2163,Roma,2248,Strasbourg,0,0,1
2163,Roma,246,Bordeaux,2,0,0
2163,Roma,468,B Leverkusen,1,1,2
2163,Roma,403,B M'gladbach,0,1,1
2163,Roma,469,B Munich,1,3,0
2163,Roma,970,Cologne,1,1,0
2163,Roma,1284,Hertha Berlin,2,0,0
4692,Sassuolo,2388,Sampdoria,7,4,6
4692,Sassuolo,2681,Verona,6,4,2
4692,Sassuolo,268,Bologna,5,5,4
4692,Sassuolo,2634,Udinese,4,6,6
4692,Sassuolo,999,Fiorentina,5,6,5
4692,Sassuolo,1082,Genoa,7,5,3
4692,Sassuolo,4794,Spezia,3,1,0
4692,Sassuolo,2584,Torino,3,8,6
4692,Sassuolo,4612,Benevento,3,0,1
4692,Sassuolo,525,Cagliari,3,3,9
4692,Sassuolo,2037,Parma,2,5,3
4692,Sassuolo,4195,Crotone,4,1,1
2388,Sampdoria,2681,Verona,10,2,5
2388,Sampdoria,268,Bologna,12,12,10
2388,Sampdoria,2634,Udinese,21,12,16
2388,Sampdoria,999,Fiorentina,17,14,18
2388,Sampdoria,1082,Genoa,13,11,13
2388,Sampdoria,4794,Spezia,0,1,0
2388,Sampdoria,2584,Torino,13,9,18
2388,Sampdoria,4612,Benevento,1,2,1
2388,Sampdoria,525,Cagliari,16,18,20
2388,Sampdoria,2037,Parma,16,16,11
2388,Sampdoria,4195,Crotone,4,2,1
2388,Sampdoria,1590,Lens,0,1,0
2388,Sampdoria,1284,Hertha Berlin,0,0,1
2388,Sampdoria,2682,Stuttgart,0,0,1
2388,Sampdoria,2854,W Bremen,1,1,0
2681,Verona,268,Bologna,3,10,5
2681,Verona,2634,Udinese,5,8,7
2681,Verona,999,Fiorentina,6,12,4
2681,Verona,1082,Genoa,3,7,4
2681,Verona,4794,Spezia,1,0,0
2681,Verona,2584,Torino,3,6,8
2681,Verona,4612,Benevento,4,1,0
2681,Verona,525,Cagliari,9,6,3
2681,Verona,2037,Parma,10,6,3
2681,Verona,4195,Crotone,2,1,1
268,Bologna,2634,Udinese,12,21,11
268,Bologna,999,Fiorentina,5,17,17
268,Bologna,1082,Genoa,8,9,8
268,Bologna,4794,Spezia,1,1,1
268,Bologna,2584,Torino,6,10,10
268,Bologna,4612,Benevento,2,1,1
268,Bologna,525,Cagliari,12,11,10
268,Bologna,2037,Parma,13,10,15
268,Bologna,4195,Crotone,6,2,0
268,Bologna,1645,Lyon,1,1,0
268,Bologna,1748,Marseille,0,0,2
2634,Udinese,999,Fiorentina,16,27,11
2634,Udinese,1082,Genoa,11,12,9
2634,Udinese,4794,Spezia,1,2,0
2634,Udinese,2584,Torino,14,14,8
2634,Udinese,4612,Benevento,1,2,1
2634,Udinese,525,Cagliari,24,11,9
2634,Udinese,2037,Parma,17,22,13
2634,Udinese,4195,Crotone,3,2,1
2634,Udinese,1590,Lens,1,1,0
2634,Udinese,2173,Rennes,1,0,1
2634,Udinese,398,B Dortmund,1,1,0
2634,Udinese,468,B Leverkusen,1,2,1
2634,Udinese,2854,W Bremen,0,2,2
999,Fiorentina,1082,Genoa,12,5,19
999,Fiorentina,4794,Spezia,1,0,1
999,Fiorentina,2584,Torino,17,8,16
999,Fiorentina,4612,Benevento,3,1,0
999,Fiorentina,525,Cagliari,23,14,11
999,Fiorentina,2037,Parma,19,15,19
999,Fiorentina,4195,Crotone,3,1,1
999,Fiorentina,1576,Lille,0,2,0
999,Fiorentina,1645,Lyon,1,2,1
999,Fiorentina,1832,Nice,2,0,0
999,Fiorentina,246,Bordeaux,0,0,2
999,Fiorentina,403,B M'gladbach,1,1,0
999,Fiorentina,469,B Munich,1,2,1
999,Fiorentina,970,Cologne,0,2,0
999,Fiorentina,2260,Schalke,0,1,1
1082,Genoa,4794,Spezia,1,0,0
1082,Genoa,2584,Torino,8,12,13
1082,Genoa,4612,Benevento,1,2,1
1082,Genoa,525,Cagliari,14,14,8
1082,Genoa,2037,Parma,9,12,9
1082,Genoa,4195,Crotone,6,0,1
1082,Genoa,1576,Lille,1,1,0
4794,Spezia,2584,Torino,0,0,1
4794,Spezia,4612,Benevento,2,0,1
4794,Spezia,525,Cagliari,1,1,1
4794,Spezia,2037,Parma,0,1,2
4794,Spezia,4195,Crotone,1,2,0
2584,Torino,4612,Benevento,2,0,1
2584,Torino,525,Cagliari,14,11,11
2584,Torino,2037,Parma,6,15,12
2584,Torino,4195,Crotone,2,2,3
2584,Torino,403,B M'gladbach,0,1,1
4612,Benevento,525,Cagliari,1,2,0
4612,Benevento,2037,Parma,0,0,2
4612,Benevento,4195,Crotone,2,2,0
525,Cagliari,2037,Parma,15,19,13
525,Cagliari,4195,Crotone,5,0,1
525,Cagliari,935,St-Etienne,1,1,0
2037,Parma,4195,Crotone,0,1,0
2037,Parma,1576,Lille,1,1,0
2037,Parma,1590,Lens,1,0,0
2037,Parma,1748,Marseille,1,0,0
2037,Parma,246,Bordeaux,1,1,0
2037,Parma,398,B Dortmund,1,1,0
2037,Parma,2682,Stuttgart,1,0,1
2037,Parma,2854,W Bremen,1,1,0
1576,Lille,2068,Paris Saint Germain,11,23,14
1576,Lille,1674,Monaco,12,15,13
1576,Lille,1645,Lyon,19,12,14
1576,Lille,1590,Lens,12,5,8
1576,Lille,1748,Marseille,13,20,10
1576,Lille,2173,Rennes,18,13,15
1576,Lille,1767,Montpellier,15,9,7
1576,Lille,1772,Metz,14,2,6
1576,Lille,1832,Nice,8,13,17
1576,Lille,2146,Reims,5,5,3
1576,Lille,68,Angers,3,6,2
1576,Lille,935,St-Etienne,20,8,11
1576,Lille,2248,Strasbourg,9,6,8
1576,Lille,246,Bordeaux,16,15,14
1576,Lille,3150,Lorient,14,7,7
1576,Lille,2934,Stade Brest,6,2,1
1576,Lille,1834,Nimes,4,1,2
1576,Lille,1800,Nantes,21,5,10
1576,Lille,4197,Dijon,10,2,1
1576,Lille,398,B Dortmund,0,0,2
1576,Lille,469,B Munich,0,2,0
1576,Lille,2682,Stuttgart,1,1,0
1576,Lille,2967,Wolfsburg,0,1,1
2068,Paris Saint Germain,1674,Monaco,18,15,15
2068,Paris Saint Germain,1645,Lyon,24,18,15
2068,Paris Saint Germain,1590,Lens,9,9,9
2068,Paris Saint Germain,1748,Marseille,31,13,9
2068,Paris Saint Germain,2173,Rennes,24,14,9
2068,Paris Saint Germain,1767,Montpellier,17,7,12
2068,Paris Saint Germain,1772,Metz,18,3,2
2068,Paris Saint Germain,1832,Nice,18,10,9
2068,Paris Saint Germain,2146,Reims,8,3,2
2068,Paris Saint Germain,68,Angers,13,0,1
2068,Paris Saint Germain,935,St-Etienne,26,6,13
2068,Paris Saint Germain,2248,Strasbourg,16,3,5
2068,Paris Saint Germain,246,Bordeaux,25,15,12
2068,Paris Saint Germain,3150,Lorient,19,7,5
2068,Paris Saint Germain,2934,Stade Brest,8,0,1
2068,Paris Saint Germain,1834,Nimes,6,0,0
2068,Paris Saint Germain,1800,Nantes,28,6,6
2068,Paris Saint Germain,4197,Dijon,14,2,0
2068,Paris Saint Germain,398,B Dortmund,1,1,2
2068,Paris Saint Germain,468,B Leverkusen,2,0,0
2068,Paris Saint Germain,469,B Munich,6,5,0
2068,Paris Saint Germain,5709,RB Leipzig,2,1,0
2068,Paris Saint Germain,2260,Schalke,0,1,0
2068,Paris Saint Germain,2967,Wolfsburg,2,0,0
1674,Monaco,1645,Lyon,16,20,9
1674,Monaco,1590,Lens,12,8,10
1674,Monaco,1748,Marseille,17,19,12
1674,Monaco,2173,Rennes,18,14,10
1674,Monaco,1767,Montpellier,19,2,10
1674,Monaco,1772,Metz,16,4,6
1674,Monaco,1832,Nice,17,13,9
1674,Monaco,2146,Reims,4,3,8
1674,Monaco,68,Angers,7,2,2
1674,Monaco,935,St-Etienne,10,13,11
1674,Monaco,2248,Strasbourg,12,7,4
1674,Monaco,246,Bordeaux,13,18,11
1674,Monaco,3150,Lorient,12,5,7
1674,Monaco,2934,Stade Brest,3,3,0
1674,Monaco,1834,Nimes,4,2,3
1674,Monaco,1800,Nantes,21,9,5
1674,Monaco,4197,Dijon,7,1,3
1674,Monaco,398,B Dortmund,2,2,0
1674,Monaco,468,B Leverkusen,3,1,2
1674,Monaco,403,B M'gladbach,1,1,0
1674,Monaco,5709,RB Leipzig,0,1,1
1674,Monaco,2854,W Bremen,0,1,0
1645,Lyon,1590,Lens,18,5,7
1645,Lyon,1748,Marseille,21,10,19
1645,Lyon,2173,Rennes,19,11,14
1645,Lyon,1767,Montpellier,16,10,9
1645,Lyon,1772,Metz,20,4,3
1645,Lyon,1832,Nice,20,10,10
1645,Lyon,2146,Reims,7,4,3
1645,Lyon,68,Angers,8,1,2
1645,Lyon,935,St-Etienne,23,6,11
1645,Lyon,2248,Strasbourg,17,4,3
1645,Lyon,246,Bordeaux,23,11,17
1645,Lyon,3150,Lorient,14,6,7
1645,Lyon,2934,Stade Brest,4,0,6
1645,Lyon,1834,Nimes,3,0,1
1645,Lyon,1800,Nantes,23,7,7
1645,Lyon,4197,Dijon,7,2,2
1645,Lyon,468,B Leverkusen,1,1,0
1645,Lyon,403,B M'gladbach,0,2,0
1645,Lyon,469,B Munich,2,5,2
1645,Lyon,3937,Hoffenheim,0,0,2
1645,Lyon,5709,RB Leipzig,1,0,1
1645,Lyon,2260,Schalke,1,1,0
1645,Lyon,2682,Stuttgart,2,0,0
1645,Lyon,2854,W Bremen,3,1,0
1590,Lens,1748,Marseille,10,11,8
1590,Lens,2173,Rennes,6,13,8
1590,Lens,1767,Montpellier,10,5,2
1590,Lens,1772,Metz,9,4,8
1590,Lens,1832,Nice,5,5,11
1590,Lens,2146,Reims,1,1,4
1590,Lens,68,Angers,0,1,2
1590,Lens,935,St-Etienne,10,7,5
1590,Lens,2248,Strasbourg,6,6,5
1590,Lens,246,Bordeaux,8,9,10
1590,Lens,3150,Lorient,4,8,6
1590,Lens,2934,Stade Brest,2,3,3
1590,Lens,1834,Nimes,1,2,1
1590,Lens,1800,Nantes,9,7,5
1590,Lens,4197,Dijon,2,2,1
1590,Lens,468,B Leverkusen,1,1,0
1590,Lens,469,B Munich,0,0,2
1590,Lens,1284,Hertha Berlin,0,0,1
1590,Lens,2682,Stuttgart,1,1,0
1590,Lens,2967,Wolfsburg,1,0,1
1748,Marseille,2173,Rennes,21,14,12
1748,Marseille,1767,Montpellier,18,8,9
1748,Marseille,1772,Metz,13,6,5
1748,Marseille,1832,Nice,23,11,5
1748,Marseille,2146,Reims,4,4,5
1748,Marseille,68,Angers,3,3,6
1748,Marseille,935,St-Etienne,20,9,11
1748,Marseille,2248,Strasbourg,11,3,9
1748,Marseille,246,Bordeaux,12,14,20
1748,Marseille,3150,Lorient,13,6,7
1748,Marseille,2934,Stade Brest,6,1,2
1748,Marseille,1834,Nimes,4,2,0
1748,Marseille,1800,Nantes,12,12,11
1748,Marseille,4197,Dijon,7,1,3
1748,Marseille,398,B Dortmund,2,2,0
1748,Marseille,403,B M'gladbach,0,1,1
1748,Marseille,469,B Munich,0,2,0
1748,Marseille,970,Cologne,1,1,0
1748,Marseille,884,E Frankfurt,0,2,0
1748,Marseille,5709,RB Leipzig,1,1,0
1748,Marseille,2854,W Bremen,1,0,1
2173,Rennes,1767,Montpellier,15,11,9
2173,Rennes,1772,Metz,10,3,10
2173,Rennes,1832,Nice,11,14,15
2173,Rennes,2146,Reims,4,8,5
2173,Rennes,68,Angers,9,2,4
2173,Rennes,935,St-Etienne,15,9,15
2173,Rennes,2248,Strasbourg,13,6,3
2173,Rennes,246,Bordeaux,11,19,13
2173,Rennes,3150,Lorient,15,8,9
2173,Rennes,2934,Stade Brest,6,1,5
2173,Rennes,1834,Nimes,4,1,0
2173,Rennes,1800,Nantes,15,13,9
2173,Rennes,4197,Dijon,4,4,3
2173,Rennes,2682,Stuttgart,0,1,0
1767,Montpellier,1772,Metz,4,7,5
1767,Montpellier,1832,Nice,13,8,7
1767,Montpellier,2146,Reims,7,6,2
1767,Montpellier,68,Angers,5,4,4
1767,Montpellier,935,St-Etienne,7,14,4
1767,Montpellier,2248,Strasbourg,6,5,4
1767,Montpellier,246,Bordeaux,12,15,7
1767,Montpellier,3150,Lorient,9,8,7
1767,Montpellier,2934,Stade Brest,5,0,4
1767,Montpellier,1834,Nimes,2,1,2
1767,Montpellier,1800,Nantes,9,12,4
1767,Montpellier,4197,Dijon,3,2,7
1767,Montpellier,2260,Schalke,0,0,2
1772,Metz,1832,Nice,4,8,7
1772,Metz,2146,Reims,3,0,3
1772,Metz,68,Angers,2,5,1
1772,Metz,935,St-Etienne,5,10,5
1772,Metz,2248,Strasbourg,9,5,6
1772,Metz,246,Bordeaux,6,14,7
1772,Metz,3150,Lorient,2,8,2
1772,Metz,2934,Stade Brest,2,2,2
1772,Metz,1834,Nimes,2,0,1
1772,Metz,1800,Nantes,8,7,9
1772,Metz,4197,Dijon,2,3,4
1832,Nice,2146,Reims,7,3,6
1832,Nice,68,Angers,5,3,5
1832,Nice,935,St-Etienne,16,14,6
1832,Nice,2248,Strasbourg,6,5,6
1832,Nice,246,Bordeaux,11,13,16
1832,Nice,3150,Lorient,11,6,8
1832,Nice,2934,Stade Brest,3,3,5
1832,Nice,1834,Nimes,6,2,0
1832,Nice,1800,Nantes,9,9,11
1832,Nice,4197,Dijon,5,5,2
1832,Nice,468,B Leverkusen,0,2,0
1832,Nice,970,Cologne,1,1,0
1832,Nice,2260,Schalke,0,2,0
1832,Nice,2854,W Bremen,0,1,1
2146,Reims,68,Angers,2,1,5
2146,Reims,935,St-Etienne,2,6,6
2146,Reims,2248,Strasbourg,3,3,2
2146,Reims,246,Bordeaux,6,1,6
2146,Reims,3150,Lorient,3,5,3
2146,Reims,2934,Stade Brest,3,2,1
2146,Reims,1834,Nimes,0,3,2
2146,Reims,1800,Nantes,5,3,5
2146,Reims,4197,Dijon,1,3,4
68,Angers,935,St-Etienne,1,6,5
68,Angers,2248,Strasbourg,3,1,4
68,Angers,246,Bordeaux,6,4,4
68,Angers,3150,Lorient,2,2,2
68,Angers,2934,Stade Brest,2,1,1
68,Angers,1834,Nimes,5,3,0
68,Angers,1800,Nantes,3,7,4
68,Angers,4197,Dijon,7,2,0
935,St-Etienne,2248,Strasbourg,6,7,6
935,St-Etienne,246,Bordeaux,13,16,13
935,St-Etienne,3150,Lorient,12,12,5
935,St-Etienne,2934,Stade Brest,4,3,2
935,St-Etienne,1834,Nimes,6,1,3
935,St-Etienne,1800,Nantes,11,6,11
935,St-Etienne,4197,Dijon,7,1,3
935,St-Etienne,469,B Munich,1,3,1
935,St-Etienne,970,Cologne,0,1,1
935,St-Etienne,3050,Mainz,0,0,2
935,St-Etienne,2854,W Bremen,0,1,1
935,St-Etienne,2967,Wolfsburg,0,1,1
2248,Strasbourg,246,Bordeaux,9,8,6
2248,Strasbourg,3150,Lorient,0,2,1
2248,Strasbourg,2934,Stade Brest,1,1,1
2248,Strasbourg,1834,Nimes,2,1,3
2248,Strasbourg,1800,Nantes,8,12,1
2248,Strasbourg,4197,Dijon,4,3,2
2248,Strasbourg,884,E Frankfurt,1,1,0
246,Bordeaux,3150,Lorient,19,4,7
246,Bordeaux,2934,Stade Brest,3,4,4
246,Bordeaux,1834,Nimes,3,2,1
246,Bordeaux,1800,Nantes,18,9,9
246,Bordeaux,4197,Dijon,9,3,4
246,Bordeaux,398,B Dortmund,1,1,0
246,Bordeaux,469,B Munich,2,2,0
246,Bordeaux,970,Cologne,1,1,0
246,Bordeaux,884,E Frankfurt,0,2,0
246,Bordeaux,2854,W Bremen,1,0,1
3150,Lorient,2934,Stade Brest,8,3,1
3150,Lorient,1834,Nimes,2,1,0
3150,Lorient,1800,Nantes,5,9,4
3150,Lorient,4197,Dijon,2,3,2
2934,Stade Brest,1834,Nimes,0,3,1
2934,Stade Brest,1800,Nantes,0,2,1
2934,Stade Brest,4197,Dijon,3,3,1
1834,Nimes,1800,Nantes,2,2,1
1834,Nimes,4197,Dijon,4,2,2
1800,Nantes,4197,Dijon,5,2,3
1800,Nantes,469,B Munich,0,2,0
2843,Arminia,4796,Augsburg,0,1,1
2843,Arminia,398,B Dortmund,12,16,8
2843,Arminia,468,B Leverkusen,9,13,10
2843,Arminia,403,B M'gladbach,5,20,7
2843,Arminia,469,B Munich,5,27,5
2843,Arminia,970,Cologne,12,15,2
2843,Arminia,884,E Frankfurt,6,14,10
2843,Arminia,1054,Freiburg,5,3,2
2843,Arminia,1284,Hertha Berlin,7,8,12
2843,Arminia,3937,Hoffenheim,0,2,1
2843,Arminia,3050,Mainz,3,2,4
2843,Arminia,5709,RB Leipzig,0,3,1
2843,Arminia,2260,Schalke,8,19,7
2843,Arminia,2682,Stuttgart,10,19,11
2843,Arminia,3393,Union Berlin,2,2,7
2843,Arminia,2854,W Bremen,10,21,4
2843,Arminia,2967,Wolfsburg,3,13,3
4796,Augsburg,398,B Dortmund,3,13,5
4796,Augsburg,468,B Leverkusen,0,14,7
4796,Augsburg,403,B M'gladbach,6,6,8
4796,Augsburg,469,B Munich,2,18,2
4796,Augsburg,970,Cologne,7,1,6
4796,Augsburg,884,E Frankfurt,7,6,5
4796,Augsburg,1054,Freiburg,6,7,7
4796,Augsburg,1284,Hertha Berlin,3,8,8
4796,Augsburg,3937,Hoffenheim,5,12,4
4796,Augsburg,3050,Mainz,11,8,2
4796,Augsburg,5709,RB Leipzig,1,8,3
4796,Augsburg,2260,Schalke,2,11,8
4796,Augsburg,2682,Stuttgart,8,6,1
4796,Augsburg,3393,Union Berlin,2,1,1
4796,Augsburg,2854,W Bremen,9,9,2
4796,Augsburg,2967,Wolfsburg,6,7,7
398,B Dortmund,468,B Leverkusen,32,29,22
398,B Dortmund,403,B M'gladbach,42,31,28
398,B Dortmund,469,B Munich,32,58,33
398,B Dortmund,970,Cologne,38,28,24
398,B Dortmund,884,E Frankfurt,48,31,20
398,B Dortmund,1054,Freiburg,27,5,12
398,B Dortmund,1284,Hertha Berlin,34,19,19
398,B Dortmund,3937,Hoffenheim,11,7,10
398,B Dortmund,3050,Mainz,16,5,8
398,B Dortmund,5709,RB Leipzig,5,2,2
398,B Dortmund,2260,Schalke,36,33,31
398,B Dortmund,2682,Stuttgart,40,40,24
398,B Dortmund,3393,Union Berlin,3,2,1
398,B Dortmund,2854,W Bremen,47,43,20
398,B Dortmund,2967,Wolfsburg,29,10,10
468,B Leverkusen,403,B M'gladbach,32,22,27
468,B Leverkusen,469,B Munich,19,54,17
468,B Leverkusen,970,Cologne,27,16,24
468,B Leverkusen,884,E Frankfurt,33,26,13
468,B Leverkusen,1054,Freiburg,20,11,13
468,B Leverkusen,1284,Hertha Berlin,24,15,12
468,B Leverkusen,3937,Hoffenheim,15,7,5
468,B Leverkusen,3050,Mainz,16,10,5
468,B Leverkusen,5709,RB Leipzig,1,5,4
468,B Leverkusen,2260,Schalke,34,20,23
468,B Leverkusen,2682,Stuttgart,39,23,20
468,B Leverkusen,3393,Union Berlin,5,1,0
468,B Leverkusen,2854,W Bremen,24,31,32
468,B Leverkusen,2967,Wolfsburg,22,19,8
403,B M'gladbach,469,B Munich,26,51,30
403,B M'gladbach,970,Cologne,54,25,17
403,B M'gladbach,884,E Frankfurt,35,35,28
403,B M'gladbach,1054,Freiburg,12,14,13
403,B M'gladbach,1284,Hertha Berlin,26,25,17
403,B M'gladbach,3937,Hoffenheim,7,10,10
403,B M'gladbach,3050,Mainz,14,8,8
403,B M'gladbach,5709,RB Leipzig,1,6,3
403,B M'gladbach,2260,Schalke,42,29,30
403,B M'gladbach,2682,Stuttgart,32,39,29
403,B M'gladbach,3393,Union Berlin,1,1,3
403,B M'gladbach,2854,W Bremen,40,39,25
403,B M'gladbach,2967,Wolfsburg,12,22,8
469,B Munich,970,Cologne,49,23,23
469,B Munich,884,E Frankfurt,59,26,22
469,B Munich,1054,Freiburg,30,4,8
469,B Munich,1284,Hertha Berlin,44,11,21
469,B Munich,3937,Hoffenheim,18,4,5
469,B Munich,3050,Mainz,23,4,3
469,B Munich,5709,RB Leipzig,6,1,5
469,B Munich,2260,Schalke,62,20,30
469,B Munich,2682,Stuttgart,72,19,20
469,B Munich,3393,Union Berlin,2,0,2
469,B Munich,2854,W Bremen,65,27,26
469,B Munich,2967,Wolfsburg,43,4,7
970,Cologne,884,E Frankfurt,32,32,27
970,Cologne,1054,Freiburg,12,13,5
970,Cologne,1284,Hertha Berlin,27,24,11
970,Cologne,3937,Hoffenheim,7,11,6
970,Cologne,3050,Mainz,8,9,6
970,Cologne,5709,RB Leipzig,2,4,2
970,Cologne,2260,Schalke,39,28,23
970,Cologne,2682,Stuttgart,35,32,25
970,Cologne,3393,Union Berlin,1,5,1
970,Cologne,2854,W Bremen,35,36,26
970,Cologne,2967,Wolfsburg,7,14,10
884,E Frankfurt,1054,Freiburg,13,13,7
884,E Frankfurt,1284,Hertha Berlin,19,30,18
884,E Frankfurt,3937,Hoffenheim,9,8,7
884,E Frankfurt,3050,Mainz,8,9,9
884,E Frankfurt,5709,RB Leipzig,3,3,5
884,E Frankfurt,2260,Schalke,37,35,24
884,E Frankfurt,2682,Stuttgart,33,42,21
884,E Frankfurt,3393,Union Berlin,4,1,1
884,E Frankfurt,2854,W Bremen,37,43,23
884,E Frankfurt,2967,Wolfsburg,8,19,11
1054,Freiburg,1284,Hertha Berlin,8,10,11
1054,Freiburg,3937,Hoffenheim,8,5,9
1054,Freiburg,3050,Mainz,7,15,4
1054,Freiburg,5709,RB Leipzig,4,6,2
1054,Freiburg,2260,Schalke,18,16,9
1054,Freiburg,2682,Stuttgart,13,24,5
1054,Freiburg,3393,Union Berlin,3,4,1
1054,Freiburg,2854,W Bremen,10,24,10
1054,Freiburg,2967,Wolfsburg,12,14,10
1284,Hertha Berlin,3937,Hoffenheim,6,10,5
1284,Hertha Berlin,3050,Mainz,8,9,9
1284,Hertha Berlin,5709,RB Leipzig,1,8,1
1284,Hertha Berlin,2260,Schalke,27,36,13
1284,Hertha Berlin,2682,Stuttgart,26,26,18
1284,Hertha Berlin,3393,Union Berlin,2,1,1
1284,Hertha Berlin,2854,W Bremen,20,38,19
1284,Hertha Berlin,2967,Wolfsburg,17,16,12
3937,Hoffenheim,3050,Mainz,7,10,7
3937,Hoffenheim,5709,RB Leipzig,2,6,3
3937,Hoffenheim,2260,Schalke,10,9,7
3937,Hoffenheim,2682,Stuttgart,6,10,7
3937,Hoffenheim,3393,Union Berlin,2,1,1
3937,Hoffenheim,2854,W Bremen,6,12,10
3937,Hoffenheim,2967,Wolfsburg,7,13,7
3050,Mainz,5709,RB Leipzig,2,6,2
3050,Mainz,2260,Schalke,8,17,7
3050,Mainz,2682,Stuttgart,10,11,6
3050,Mainz,3393,Union Berlin,1,2,1
3050,Mainz,2854,W Bremen,10,14,6
3050,Mainz,2967,Wolfsburg,6,12,11
5709,RB Leipzig,2260,Schalke,6,2,2
5709,RB Leipzig,2682,Stuttgart,4,0,1
5709,RB Leipzig,3393,Union Berlin,4,0,1
5709,RB Leipzig,2854,W Bremen,7,2,1
5709,RB Leipzig,2967,Wolfsburg,6,3,4
2260,Schalke,2682,Stuttgart,40,43,17
2260,Schalke,3393,Union Berlin,2,0,3
2260,Schalke,2854,W Bremen,39,46,22
2260,Schalke,2967,Wolfsburg,18,16,17
2682,Stuttgart,3393,Union Berlin,1,1,4
2682,Stuttgart,2854,W Bremen,38,36,33
2682,Stuttgart,2967,Wolfsburg,19,20,6
3393,Union Berlin,2854,W Bremen,2,1,0
3393,Union Berlin,2967,Wolfsburg,0,1,2
2854,W Bremen,2967,Wolfsburg,21,20,10
